순번,담당,기업명
4501,10번,제이티미그린
4502,10번,바토
4503,10번,벽암산업개발
4504,10번,이천자동차부품
4505,10번,디알엘이디네트웍스
4506,10번,에프원
4507,10번,대한유비텍
4508,10번,대흥실리콘
4509,10번,나사록코팅
4510,10번,이클릭미디어
4511,10번,시와소프트
4512,10번,제이디아웃도어
4513,10번,시온시스템
4514,10번,제이비에이치
4515,10번,골드테크
4516,10번,세인코퍼레이션
4517,10번,디엠케이상사
4518,10번,조은유통
4519,10번,에스이엠
4520,10번,파이오니아홀딩스
4521,10번,오성
4522,10번,알카나인
4523,10번,연성이앤씨
4524,10번,엘케이엠에스리미티드
4525,10번,가야금속
4526,10번,성신에프에스
4527,10번,본태박물관
4528,10번,트렉스타
4529,10번,전우바이오텍
4530,10번,화순영림단영농조합법인
4531,10번,의료법인광득의료재단
4532,10번,신영씨스템
4533,10번,현담테크
4534,10번,수이케이
4535,10번,영천상공회의소
4536,10번,보문개발
4537,10번,제론유텍
4538,10번,한남대학교산학협력단
4539,10번,삼구화학공업(주)제이공장
4540,10번,엘스톤
4541,10번,큐로이드
4542,10번,가포씨
4543,10번,현대스크랩
4544,10번,엔디엠시스템
4545,10번,지티렌트카
4546,10번,데이터원
4547,10번,경기도경제과학진흥원
4548,10번,디베랴
4549,10번,앤틀러
4550,10번,디앤엘
4551,10번,와이어드컴퍼니
4552,10번,신라인베스트먼트
4553,10번,정의정발효연구소
4554,10번,현이엔지
4555,10번,코씨엔
4556,10번,누리자
4557,10번,대한이앤씨
4558,10번,베스트원골드
4559,10번,한국디씨티
4560,10번,이레토건
4561,10번,부원정보통신
4562,10번,은진테크
4563,10번,바이오플러스
4564,10번,에이원농업회사법인
4565,10번,농협은행(주)포천시지부
4566,10번,도원교통
4567,10번,테크원씨엔에스
4568,10번,해성전기
4569,10번,광신석유(주)직영수영강변대로
4570,10번,진도대구점
4571,10번,위딘창원영업소
4572,10번,경주법주(주)대구사무소
4573,10번,의료법인정암의료재단
4574,10번,티와이엠아이씨티
4575,10번,민우철강
4576,10번,시시아이
4577,10번,신광오토메이션
4578,10번,인티그럴
4579,10번,동신건업
4580,10번,성창수산
4581,10번,마이게러지
4582,10번,중원시스템
4583,10번,프라이스킹
4584,10번,메디프라자
4585,10번,우주종합엔지니어링
4586,10번,선진창호
4587,10번,사회복지법인함께걸음
4588,10번,주은
4589,10번,애드블록
4590,10번,에이치엠개발산업
4591,10번,명화아이티
4592,10번,하우디자인연합
4593,10번,애티스랩
4594,10번,춘천그린파워
4595,10번,현대샌딩도장
4596,10번,픽뱅
4597,10번,유나소프트
4598,10번,에이치엠엠메가쉽제사차유동화전문
4599,10번,이튼클럽
4600,10번,용인맑은물사랑
4601,10번,주안레미콘
4602,10번,대종종합건설
4603,10번,피프틴에이치
4604,10번,원산업
4605,10번,동영전기산업
4606,10번,성후
4607,10번,하이지노
4608,10번,동아화이어테크
4609,10번,보광자동차부품
4610,10번,두현건설
4611,10번,티에스택
4612,10번,큐리언트
4613,10번,키코
4614,10번,그린전산
4615,10번,성일티엔씨
4616,10번,올스틸
4617,10번,대한메디칼씨스템
4618,10번,대유산업
4619,10번,동명전기
4620,10번,두산지게차경기동부판매
4621,10번,대상수산유통
4622,10번,거명인텍
4623,10번,다나통상
4624,10번,주광건설
4625,10번,용마종합환경
4626,10번,투에이치
4627,10번,다음기술단
4628,10번,제일테크
4629,10번,사이클롭스
4630,10번,에이원글로웍스
4631,10번,브레인소프트
4632,10번,뉴하우징삼산관리소
4633,10번,주호
4634,10번,아이티티바이오
4635,10번,삼한에프에이
4636,10번,한국고서이엔지
4637,10번,임진강김치
4638,10번,클라우데이타
4639,10번,플렉스코리아
4640,10번,케이에스메이트
4641,10번,피인오
4642,10번,상원전기
4643,10번,우석건영
4644,10번,사삼구구코리아
4645,10번,오르자
4646,10번,엠스토리
4647,10번,지구마그넷
4648,10번,에스앤티중공업(주)제삼공장주물
4649,10번,에이포시스템
4650,10번,서안성복합물류
4651,10번,부광종합건설
4652,10번,케이엔피
4653,10번,하이데코
4654,10번,대륭
4655,10번,청명영농조합법인
4656,10번,피에스앤아이덴산
4657,10번,엔에이치엔여행박사
4658,10번,쥬얼리에스엘
4659,10번,현대케미칼
4660,10번,옵토그래픽
4661,10번,사보이홀딩스
4662,10번,영광
4663,10번,현대환경개발
4664,10번,서울메탈
4665,10번,아이비전네트웍스
4666,10번,무한디자인
4667,10번,성하종합전기
4668,10번,더원정보통신
4669,10번,덴탑정보기술
4670,10번,우양기계
4671,10번,이지이앤씨
4672,10번,제이엠제이
4673,10번,반월스마트로지스틱피에프브이
4674,10번,EM실천
4675,10번,강산산업전기
4676,10번,지엠아시아퍼시픽지역본부
4677,10번,알지테크놀로지
4678,10번,제이엠티
4679,10번,봉명
4680,10번,니스트
4681,10번,센서뷰
4682,10번,다산팩(주)곤지암
4683,10번,에치에스테크
4684,10번,해천글로벌
4685,10번,아워홈연세의료원점
4686,10번,굿모닝전력
4687,10번,성요셉교육재단
4688,10번,와이앤커뮤니케이션즈
4689,10번,남사
4690,10번,개원산업
4691,10번,골든디케이
4692,10번,백천정밀
4693,10번,에너트리
4694,10번,메디포스
4695,10번,디알엠에스글로벌
4696,10번,아우토플라츠문정서비스
4697,10번,디자인경남
4698,10번,아모제산업
4699,10번,학교법인문성학원
4700,10번,대성씨엠건축사사무소
4701,10번,제이엔씨이엔지
4702,10번,굿시프트코리아
4703,10번,동아제약(주)호남지점
4704,10번,삼일이엔지
4705,10번,서진정공
4706,10번,배산
4707,10번,씨티테크
4708,10번,빈토리오
4709,10번,리코트텍
4710,10번,세인트준
4711,10번,슈라이프
4712,10번,농업회사법인바이오필리아
4713,10번,패션포유
4714,10번,현대오일뱅크(주)비아도천주유소
4715,10번,안전공업(주)대화공장
4716,10번,협신상사금호월드직매장
4717,10번,아이씨티
4718,10번,코리아세븐구의삼호점
4719,10번,에이치투에스인터네셔널
4720,10번,교촌서울서부유통
4721,10번,킹스엔지니어링
4722,10번,신산이
4723,10번,하이모분당지점
4724,10번,클라이드홈즈
4725,10번,전주에너지일등가스영업소
4726,10번,이젠솔루션
4727,10번,바스필
4728,10번,글로벌디펜스
4729,10번,하나둘
4730,10번,한국이엔엠
4731,10번,성림에너지
4732,10번,오운문화재단
4733,10번,성지엔지니어링
4734,10번,길원테크
4735,10번,라온트레이딩
4736,10번,일강
4737,10번,유인
4738,10번,뜸들이다
4739,10번,올랭귀지
4740,10번,지엠텍
4741,10번,호연장학회
4742,10번,임원경제연구소
4743,10번,대정기계
4744,10번,삼우텀블러
4745,10번,천명앤컴퍼니
4746,10번,미림몰딩산업
4747,10번,나음커뮤니케이션즈
4748,10번,네오비전
4749,10번,진도사랑영어조합법인
4750,10번,에스에이치종합개발
4751,10번,이조가구
4752,10번,오성통신
4753,10번,주피터씨앤씨
4754,10번,미르종합건설
4755,10번,사운드리퍼블리카
4756,10번,대능이엔지
4757,10번,케이엠종합물류
4758,10번,통영예선
4759,10번,블루환경
4760,10번,나라발전연구회
4761,10번,에코씨앤에이
4762,10번,세영산업
4763,10번,경북대학교병원
4764,10번,퍼스트인
4765,10번,주택관리공단(주)동삼일관리소
4766,10번,사회적협동조합사람과세상
4767,10번,동원에프앤지
4768,10번,안중운수
4769,10번,어플라이드사이언스파주지점
4770,10번,로지엠바이오
4771,10번,원효건설
4772,10번,레나소프트웨어
4773,10번,삼일철강
4774,10번,덱센
4775,10번,예림디자인
4776,10번,해심
4777,10번,은하
4778,10번,하이브
4779,10번,제테마
4780,10번,센타하우징
4781,10번,이레전력기술
4782,10번,한국통신부품
4783,10번,대건건설
4784,10번,디케이네트웍스
4785,10번,지오통신
4786,10번,제일유업
4787,10번,메타트렌드
4788,10번,세기산업
4789,10번,태경에프에스
4790,10번,휴브릭스엠앤티
4791,10번,혜성건설
4792,10번,일영이부쳐스
4793,10번,번영테크
4794,10번,아노커뮤니케이션
4795,10번,대현건설
4796,10번,이한종합건설
4797,10번,네이처프론트
4798,10번,미래교육
4799,10번,베스트월드디앤씨
4800,10번,케이에셋운용
4801,10번,디케이스틸텍
4802,10번,지엠엔지니어링
4803,10번,탑종합건설
4804,10번,삼화개발
4805,10번,델라텍스
4806,10번,베이직리서치
4807,10번,쌀마니
4808,10번,한주철강
4809,10번,에스씨엘김해
4810,10번,태안디지털프라자
4811,10번,제이에스큐브
4812,10번,고려도토
4813,10번,전주교육대학교발전지원재단
4814,10번,제이더블유코리아
4815,10번,이주민과함께
4816,10번,성신인스트루먼트구로
4817,10번,티엔에스코리아
4818,10번,케이디비나눔재단
4819,10번,오로지조경
4820,10번,일성토건
4821,10번,제이티인터내쇼날코리아(주)강릉지점
4822,10번,한재공익재단
4823,10번,율두
4824,10번,디에스이
4825,10번,현대오일뱅크(주)직영탑골주
4826,10번,엠투엠코리아
4827,10번,다비치건설
4828,10번,티에스코리아
4829,10번,송림하이텍
4830,10번,호텔카리스
4831,10번,비주얼리액터
4832,10번,인스파워
4833,10번,애드캐쳐
4834,10번,운영종합건설
4835,10번,라인테크시스템
4836,10번,남평
4837,10번,벤더스터
4838,10번,하늘커뮤니케이션
4839,10번,예니
4840,10번,봉신테크
4841,10번,대원축산
4842,10번,송광건설
4843,10번,대창무역제이공장
4844,10번,농업회사법인김포계란알마니
4845,10번,라이노박스
4846,10번,한미전기
4847,10번,나이스코리아
4848,10번,쌍용양회공업(주)광양공장
4849,10번,열매개발
4850,10번,코코바이오
4851,10번,한동조선
4852,10번,꿈틀협동조합
4853,10번,케이제이지아이티
4854,10번,삼이씨엠
4855,10번,보스케
4856,10번,우리엠엔티
4857,10번,일영이팩토리
4858,10번,포스텍
4859,10번,성산종합건설
4860,10번,글래디에이터
4861,10번,현대고속관광여행사
4862,10번,우성물류
4863,10번,아이비머티리얼즈
4864,10번,주택관리공단(주)대전천동일관리소
4865,10번,대웅건설
4866,10번,로쏘
4867,10번,에스더블유아이이노베이션
4868,10번,솔바테크놀러지
4869,10번,린코스
4870,10번,아이디어스
4871,10번,기성군산공장
4872,10번,부승화학
4873,10번,김포공원
4874,10번,삼환산업
4875,10번,미래
4876,10번,효성의약품
4877,10번,이마스터에이
4878,10번,신성아트컴
4879,10번,지에프오렌지검품소
4880,10번,아주자동차대학산학협력단
4881,10번,정연씨앤디
4882,10번,운암이엔지
4883,10번,에이텍
4884,10번,우리기업
4885,10번,사회복지법인가온
4886,10번,성우공업
4887,10번,수안보농협남한강김치
4888,10번,동방하이텍
4889,10번,아진수산
4890,10번,태풍건설
4891,10번,엠지아이에스
4892,10번,올댓리테일
4893,10번,금강전선공업
4894,10번,우성기연
4895,10번,이송종합건설
4896,10번,동화집단
4897,10번,폴린트컴포지트코리아
4898,10번,아이덱스
4899,10번,경림종합건설
4900,10번,디에스메디
4901,10번,파마젠
4902,10번,선라이즈케미칼
4903,10번,정공산업2공장
4904,10번,삼호전자
4905,10번,천둥방재소방
4906,10번,애월디앤씨
4907,10번,더센터시티제이차
4908,10번,유니웰울산공장
4909,10번,영남전기
4910,10번,종합건설대종
4911,10번,신화기술
4912,10번,알페도코리아
4913,10번,금원하이텍
4914,10번,제프런
4915,10번,태영금속
4916,10번,동부고속
4917,10번,범일산업
4918,10번,로그네트웍스
4919,10번,퓨쳐메디신
4920,10번,동광지에스
4921,10번,기아범퍼
4922,10번,윤은텍스타일
4923,10번,케이케이티생명자원개발연구소
4924,10번,브이엘에프
4925,10번,효정종합건설
4926,10번,느티나무의료복지사회적협동조합
4927,10번,에스와이훠징
4928,10번,유천전기
4929,10번,녹스이엔지
4930,10번,남양유업(주)일치프리아니
4931,10번,엑시냅스
4932,10번,자연과생명기술
4933,10번,진성에프엠
4934,10번,엔하이테크
4935,10번,썬테크베어링
4936,10번,스마트큐브랩스
4937,10번,제이축산물유통
4938,10번,인피네트
4939,10번,한미석유
4940,10번,명지인더스
4941,10번,한국전통특산
4942,10번,피에스오성
4943,10번,인더스토리
4944,10번,리베로
4945,10번,대건이에스
4946,10번,오렌지
4947,10번,호남경매신문
4948,10번,윌트레이드
4949,10번,태양알미늄
4950,10번,다성테크
4951,10번,연일그린이엔씨
4952,10번,에이치엘엠씨
4953,10번,한동종합건설
4954,10번,해수종합건설
4955,10번,뷰인스
4956,10번,진안물류
4957,10번,보형산업
4958,10번,게이즈
4959,10번,넥스지원
4960,10번,삼칠농업협동조합
4961,10번,대명신재생에너지
4962,10번,미다움
4963,10번,피닉스컨택트
4964,10번,진미순창식품
4965,10번,한국융합아이티
4966,10번,인성티앤조이
4967,10번,볼트시뮬레이션
4968,10번,로우파트너스
4969,10번,부민종합건설
4970,10번,두악
4971,10번,만삼
4972,10번,홈마트
4973,10번,와이즈포스
4974,10번,하룹
4975,10번,성화종합건설
4976,10번,유림종합건설
4977,10번,보광산업
4978,10번,한국과학기술정보연구원
4979,10번,대한민국임시정부기념사업회
4980,10번,엘에이티
4981,10번,모든창호
4982,10번,코리아세븐인천간석삼호점
4983,10번,크로마흐
4984,10번,맘이랜서
4985,10번,제일산업개발
4986,10번,남연
4987,10번,금강인쇄
4988,10번,경성리츠
4989,10번,선영종합물류
4990,10번,교육공동체사람과마을협동조합
4991,10번,헤쎄드커뮤니케이션즈
4992,10번,대유신소재(성남지점)
4993,10번,와이기술개발
4994,10번,비앤엠
4995,10번,태성하이비젼
4996,10번,한국기업농기계
4997,10번,로얄코리아
4998,10번,영농조합법인예은축산
4999,10번,도우
5000,10번,제이메이슨